<?xml version="1.0" encoding="utf-8"?>
<?xml-stylesheet type='text/xsl' href='../../ld2webpage.xsl'?>
<LOBBYINGDISCLOSURE2>
  <imported>N</imported>
  <pages>7</pages>
  <submitURL>
  </submitURL>
  <organizationName>Farragut Partners LLP</organizationName>
  <prefix>
  </prefix>
  <firstName>
  </firstName>
  <lastName>
  </lastName>
  <registrantDifferentAddress>N</registrantDifferentAddress>
  <address1>1634 I St. NW</address1>
  <address2>Suite 1200</address2>
  <city>Washington</city>
  <state>DC</state>
  <zip>20006</zip>
  <zipext>
  </zipext>
  <country>USA</country>
  <principal_city>
  </principal_city>
  <principal_state>
  </principal_state>
  <principal_zip>
  </principal_zip>
  <principal_zipext>
  </principal_zipext>
  <principal_country>
  </principal_country>
  <contactIntlPhone>
  </contactIntlPhone>
  <selfSelect>N</selfSelect>
  <clientName>National Cable and Telecommunications Association</clientName>
  <clientGovtEntity>N</clientGovtEntity>
  <senateID>401103938-125</senateID>
  <houseID>431750008</houseID>
  <reportYear>2017</reportYear>
  <reportType>Q4</reportType>
  <terminationDate>
  </terminationDate>
  <noLobbying>
  </noLobbying>
  <income>50000.00</income>
  <expenses>
  </expenses>
  <expensesMethod>
  </expensesMethod>
  <printedName>Jeffery Mortier</printedName>
  <signedDate>4/11/2017 5:50:43 PM</signedDate>
  <alis>
    <ali_info>
      <issueAreaCode>TEC</issueAreaCode>
      <specific_issues>
        <description>Universal Service issues relating to reform to the Universal Service Fund, including the contribution and distribution mechanisms associated with USF. 
Privacy and Behavioral Advertising issues relating to the gathering, retention, and use of online information. 
Program access, Net neutrality, spectrum reform and reallocation, broadband deployment issues including use of stimulus finds for broadband deployment and adoption and broadband conduit legislation. H.R. 1804, the State Video Tax Fairness Act, FCC Reform, HR 1084, The Commercial
Advertisement Loudness Mitigation Act.
PEG programming issues relating to analog and digital carriage of Public, Educational, Government Channels.
National Broadband Planissues
relating to competition and innovation in navigation devices.
P.L. 11296,
HR. 3630 Middle Class Tax Relief and Job Creation Act of 2012.
HR86 Cybersecurity Education Enhancement Act of 2013 all provisions relating to cable.
HR624 Cyber Intelligence Sharing and Protection Actall
provisions relating to cable.
HR 1468, Strengthening and Enhancing Cybersecurity by Using Research, Education, Information, and Technology (SECURE IT) Act of
2013 - all provisions relating to cable.
HR1639 To amend the Rural Electrification Act of 1936 - all provisions relating to cable.
HR1947 Federal Agricultural Reform and Risk Management Act - all provisions relating to cable.
HR2556 Excellence in Cybersecurity Act - all provisions relating to cable.
S4 Rebuild America Act - all provisions relating to cable.
S10 Agriculture Reform, Food, and Jobs Act of 2013 - all provisions relating to cable.
S418 DoNotTrack
Online Act of 2013all
provisions related to cable.
S607 Electronic Communications Privacy Act of 2013 - all provisions relating to cable.
S774 To require the Comptroller General of the United States to submit a report to Congress on the effectiveness of the Federal
Communications Commissions universal service reforms - all provisions relating to cable.
S1244 Agriculture, Rural Development, Food and Drug Administration, and Related Agencies Appropriations Act, 2014 - all provisions
relating to cable.
S1235 The Wireless Tax Fairness Act of 2013 - all provisions relating to cable.
HR316
Stela Reauthorization
Farm Bill P.L. Provisions related to cable</description>
      </specific_issues>
      <federal_agencies>U.S. SENATE, U.S. HOUSE OF REPRESENTATIVES</federal_agencies>
      <lobbyists>
        <lobbyist>
          <lobbyistFirstName>Jeff </lobbyistFirstName>
          <lobbyistLastName>MacKinnon</lobbyistLastName>
          <lobbyistSuffix>
          </lobbyistSuffix>
          <coveredPosition>LD &amp; LA Rep. Joe Barton (RTexas)</coveredPosition>
          <lobbyistNew>N</lobbyistNew>
        </lobbyist>
        <lobbyist>
          <lobbyistFirstName>Joseph</lobbyistFirstName>
          <lobbyistLastName>Vasapoli</lobbyistLastName>
          <lobbyistSuffix>
          </lobbyistSuffix>
          <coveredPosition>Min. Counsel, Energy&amp;Comm, Special Asst. DOE</coveredPosition>
          <lobbyistNew>N</lobbyistNew>
        </lobbyist>
        <lobbyist>
          <lobbyistFirstName>Jeffery</lobbyistFirstName>
          <lobbyistLastName>Mortier</lobbyistLastName>
          <lobbyistSuffix>
          </lobbyistSuffix>
          <coveredPosition>Prof Staff on E&amp;C Cmte and LA Rep Whitfield</coveredPosition>
          <lobbyistNew>N</lobbyistNew>
        </lobbyist>
        <lobbyist>
          <lobbyistFirstName>Jody</lobbyistFirstName>
          <lobbyistLastName>Gale</lobbyistLastName>
          <lobbyistSuffix>
          </lobbyistSuffix>
          <coveredPosition>
          </coveredPosition>
          <lobbyistNew>N</lobbyistNew>
        </lobbyist>
        <lobbyist>
          <lobbyistFirstName>
          </lobbyistFirstName>
          <lobbyistLastName>
          </lobbyistLastName>
          <lobbyistSuffix>
          </lobbyistSuffix>
          <coveredPosition>
          </coveredPosition>
          <lobbyistNew>N</lobbyistNew>
        </lobbyist>
        <lobbyist>
          <lobbyistFirstName>
          </lobbyistFirstName>
          <lobbyistLastName>
          </lobbyistLastName>
          <lobbyistSuffix>
          </lobbyistSuffix>
          <coveredPosition>
          </coveredPosition>
          <lobbyistNew>N</lobbyistNew>
        </lobbyist>
        <lobbyist>
          <lobbyistFirstName>
          </lobbyistFirstName>
          <lobbyistLastName>
          </lobbyistLastName>
          <lobbyistSuffix>
          </lobbyistSuffix>
          <coveredPosition>
          </coveredPosition>
          <lobbyistNew>N</lobbyistNew>
        </lobbyist>
        <lobbyist>
          <lobbyistFirstName>
          </lobbyistFirstName>
          <lobbyistLastName>
          </lobbyistLastName>
          <lobbyistSuffix>
          </lobbyistSuffix>
          <coveredPosition>
          </coveredPosition>
          <lobbyistNew>N</lobbyistNew>
        </lobbyist>
        <lobbyist>
          <lobbyistFirstName>
          </lobbyistFirstName>
          <lobbyistLastName>
          </lobbyistLastName>
          <lobbyistSuffix>
          </lobbyistSuffix>
          <coveredPosition>
          </coveredPosition>
          <lobbyistNew>N</lobbyistNew>
        </lobbyist>
      </lobbyists>
      <foreign_entity_issues>
      </foreign_entity_issues>
    </ali_info>
    <ali_info>
      <issueAreaCode>COM</issueAreaCode>
      <specific_issues>
        <description>Government programs all provisions relating to cable. HR 1565 Public Safety and Second Amendment Rights Protection Act of 2013- all
provisions relating to cable. HR 1605 Public Safety and Second Amendment Rights Protection Act of 2013 - all provisions relating to cable.
HR 2342 Federal Agriculture Reform and Risk Management Act of 2013 - all provisions relating to cable. HR 2649 FCC ABCs Act of
2013, to reform the FCCs process during rulemaking. HR 316 public law</description>
      </specific_issues>
      <federal_agencies>U.S. SENATE, U.S. HOUSE OF REPRESENTATIVES</federal_agencies>
      <lobbyists>
        <lobbyist>
          <lobbyistFirstName>Jeff </lobbyistFirstName>
          <lobbyistLastName>MacKinnon</lobbyistLastName>
          <lobbyistSuffix>
          </lobbyistSuffix>
          <coveredPosition>LD &amp; LA Rep. Joe Barton (RTexas)</coveredPosition>
          <lobbyistNew>N</lobbyistNew>
        </lobbyist>
        <lobbyist>
          <lobbyistFirstName>Joseph</lobbyistFirstName>
          <lobbyistLastName>Vasapoli</lobbyistLastName>
          <lobbyistSuffix>
          </lobbyistSuffix>
          <coveredPosition>Min. Counsel, Energy&amp;Comm, Special Asst. DOE</coveredPosition>
          <lobbyistNew>N</lobbyistNew>
        </lobbyist>
        <lobbyist>
          <lobbyistFirstName>Jeffery</lobbyistFirstName>
          <lobbyistLastName>Mortier</lobbyistLastName>
          <lobbyistSuffix>
          </lobbyistSuffix>
          <coveredPosition>Prof Staff on E&amp;C Cmte and LA Rep Whitfield</coveredPosition>
          <lobbyistNew>N</lobbyistNew>
        </lobbyist>
        <lobbyist>
          <lobbyistFirstName>Jody</lobbyistFirstName>
          <lobbyistLastName>Gale</lobbyistLastName>
          <lobbyistSuffix>
          </lobbyistSuffix>
          <coveredPosition>
          </coveredPosition>
          <lobbyistNew>N</lobbyistNew>
        </lobbyist>
        <lobbyist>
          <lobbyistFirstName>
          </lobbyistFirstName>
          <lobbyistLastName>
          </lobbyistLastName>
          <lobbyistSuffix>
          </lobbyistSuffix>
          <coveredPosition>
          </coveredPosition>
          <lobbyistNew>N</lobbyistNew>
        </lobbyist>
        <lobbyist>
          <lobbyistFirstName>
          </lobbyistFirstName>
          <lobbyistLastName>
          </lobbyistLastName>
          <lobbyistSuffix>
          </lobbyistSuffix>
          <coveredPosition>
          </coveredPosition>
          <lobbyistNew>N</lobbyistNew>
        </lobbyist>
        <lobbyist>
          <lobbyistFirstName>
          </lobbyistFirstName>
          <lobbyistLastName>
          </lobbyistLastName>
          <lobbyistSuffix>
          </lobbyistSuffix>
          <coveredPosition>
          </coveredPosition>
          <lobbyistNew>N</lobbyistNew>
        </lobbyist>
        <lobbyist>
          <lobbyistFirstName>
          </lobbyistFirstName>
          <lobbyistLastName>
          </lobbyistLastName>
          <lobbyistSuffix>
          </lobbyistSuffix>
          <coveredPosition>
          </coveredPosition>
          <lobbyistNew>N</lobbyistNew>
        </lobbyist>
        <lobbyist>
          <lobbyistFirstName>
          </lobbyistFirstName>
          <lobbyistLastName>
          </lobbyistLastName>
          <lobbyistSuffix>
          </lobbyistSuffix>
          <coveredPosition>
          </coveredPosition>
          <lobbyistNew>N</lobbyistNew>
        </lobbyist>
      </lobbyists>
      <foreign_entity_issues>
      </foreign_entity_issues>
    </ali_info>
    <ali_info>
      <issueAreaCode>TAX</issueAreaCode>
      <specific_issues>
        <description>HR 177 Death Tax Repeal Act - all provisions relating to cable.
H.R. 434 Permanent Internet Tax Freedom Act - all provisions relating to cable. HR 2309 Wireless Tax Fairness Act of 2013 - all
provisions relating to cable. S 31 "Permanent Internet Tax Freedom Act of 2013" all
provisions relating to cable.
S 213 "Telephone Excise Tax Elimination Act of 2013" all
provisions relating to cable. S. 31 and HR 3086</description>
      </specific_issues>
      <federal_agencies>U.S. SENATE, U.S. HOUSE OF REPRESENTATIVES</federal_agencies>
      <lobbyists>
        <lobbyist>
          <lobbyistFirstName>Jeff</lobbyistFirstName>
          <lobbyistLastName>MacKinnon</lobbyistLastName>
          <lobbyistSuffix>
          </lobbyistSuffix>
          <coveredPosition>LD &amp; LA Rep. Joe Barton (RTexas)</coveredPosition>
          <lobbyistNew>N</lobbyistNew>
        </lobbyist>
        <lobbyist>
          <lobbyistFirstName>Joseph</lobbyistFirstName>
          <lobbyistLastName>Vasapoli</lobbyistLastName>
          <lobbyistSuffix>
          </lobbyistSuffix>
          <coveredPosition>Min. Counsel, Energy&amp;Comm, Special Asst. DOE</coveredPosition>
          <lobbyistNew>N</lobbyistNew>
        </lobbyist>
        <lobbyist>
          <lobbyistFirstName>Jeffery</lobbyistFirstName>
          <lobbyistLastName>Mortier</lobbyistLastName>
          <lobbyistSuffix>
          </lobbyistSuffix>
          <coveredPosition>Prof Staff on E&amp;C Cmte and LA Rep Whitfield</coveredPosition>
          <lobbyistNew>N</lobbyistNew>
        </lobbyist>
        <lobbyist>
          <lobbyistFirstName>Jody</lobbyistFirstName>
          <lobbyistLastName>Gale</lobbyistLastName>
          <lobbyistSuffix>
          </lobbyistSuffix>
          <coveredPosition>
          </coveredPosition>
          <lobbyistNew>N</lobbyistNew>
        </lobbyist>
        <lobbyist>
          <lobbyistFirstName>
          </lobbyistFirstName>
          <lobbyistLastName>
          </lobbyistLastName>
          <lobbyistSuffix>
          </lobbyistSuffix>
          <coveredPosition>
          </coveredPosition>
          <lobbyistNew>N</lobbyistNew>
        </lobbyist>
        <lobbyist>
          <lobbyistFirstName>
          </lobbyistFirstName>
          <lobbyistLastName>
          </lobbyistLastName>
          <lobbyistSuffix>
          </lobbyistSuffix>
          <coveredPosition>
          </coveredPosition>
          <lobbyistNew>N</lobbyistNew>
        </lobbyist>
        <lobbyist>
          <lobbyistFirstName>
          </lobbyistFirstName>
          <lobbyistLastName>
          </lobbyistLastName>
          <lobbyistSuffix>
          </lobbyistSuffix>
          <coveredPosition>
          </coveredPosition>
          <lobbyistNew>N</lobbyistNew>
        </lobbyist>
        <lobbyist>
          <lobbyistFirstName>
          </lobbyistFirstName>
          <lobbyistLastName>
          </lobbyistLastName>
          <lobbyistSuffix>
          </lobbyistSuffix>
          <coveredPosition>
          </coveredPosition>
          <lobbyistNew>N</lobbyistNew>
        </lobbyist>
        <lobbyist>
          <lobbyistFirstName>
          </lobbyistFirstName>
          <lobbyistLastName>
          </lobbyistLastName>
          <lobbyistSuffix>
          </lobbyistSuffix>
          <coveredPosition>
          </coveredPosition>
          <lobbyistNew>N</lobbyistNew>
        </lobbyist>
      </lobbyists>
      <foreign_entity_issues>
      </foreign_entity_issues>
    </ali_info>
    <ali_info>
      <issueAreaCode>ENG</issueAreaCode>
      <specific_issues>
        <description>HR 1616 Energy Savings and Industrial Competitiveness Act of 2013 - all provisions relating to cable. S 761 Energy Savings and
Industrial Competitiveness Act of 2013 - all provisions relating to cable.</description>
      </specific_issues>
      <federal_agencies>U.S. SENATE, U.S. HOUSE OF REPRESENTATIVES</federal_agencies>
      <lobbyists>
        <lobbyist>
          <lobbyistFirstName>Jeff </lobbyistFirstName>
          <lobbyistLastName>MacKinnon</lobbyistLastName>
          <lobbyistSuffix>
          </lobbyistSuffix>
          <coveredPosition>LD &amp; LA Rep. Joe Barton (RTexas)</coveredPosition>
          <lobbyistNew>N</lobbyistNew>
        </lobbyist>
        <lobbyist>
          <lobbyistFirstName>Joseph</lobbyistFirstName>
          <lobbyistLastName>Vasapoli</lobbyistLastName>
          <lobbyistSuffix>
          </lobbyistSuffix>
          <coveredPosition>Min. Counsel, Energy&amp;Comm, Special Asst. DOE</coveredPosition>
          <lobbyistNew>N</lobbyistNew>
        </lobbyist>
        <lobbyist>
          <lobbyistFirstName>Jeffery</lobbyistFirstName>
          <lobbyistLastName>Mortier</lobbyistLastName>
          <lobbyistSuffix>
          </lobbyistSuffix>
          <coveredPosition>Prof Staff on E&amp;C Cmte and LA Rep Whitfield</coveredPosition>
          <lobbyistNew>N</lobbyistNew>
        </lobbyist>
        <lobbyist>
          <lobbyistFirstName>Jody</lobbyistFirstName>
          <lobbyistLastName>Gale</lobbyistLastName>
          <lobbyistSuffix>
          </lobbyistSuffix>
          <coveredPosition>
          </coveredPosition>
          <lobbyistNew>N</lobbyistNew>
        </lobbyist>
        <lobbyist>
          <lobbyistFirstName>
          </lobbyistFirstName>
          <lobbyistLastName>
          </lobbyistLastName>
          <lobbyistSuffix>
          </lobbyistSuffix>
          <coveredPosition>
          </coveredPosition>
          <lobbyistNew>N</lobbyistNew>
        </lobbyist>
        <lobbyist>
          <lobbyistFirstName>
          </lobbyistFirstName>
          <lobbyistLastName>
          </lobbyistLastName>
          <lobbyistSuffix>
          </lobbyistSuffix>
          <coveredPosition>
          </coveredPosition>
          <lobbyistNew>N</lobbyistNew>
        </lobbyist>
        <lobbyist>
          <lobbyistFirstName>
          </lobbyistFirstName>
          <lobbyistLastName>
          </lobbyistLastName>
          <lobbyistSuffix>
          </lobbyistSuffix>
          <coveredPosition>
          </coveredPosition>
          <lobbyistNew>N</lobbyistNew>
        </lobbyist>
        <lobbyist>
          <lobbyistFirstName>
          </lobbyistFirstName>
          <lobbyistLastName>
          </lobbyistLastName>
          <lobbyistSuffix>
          </lobbyistSuffix>
          <coveredPosition>
          </coveredPosition>
          <lobbyistNew>N</lobbyistNew>
        </lobbyist>
        <lobbyist>
          <lobbyistFirstName>
          </lobbyistFirstName>
          <lobbyistLastName>
          </lobbyistLastName>
          <lobbyistSuffix>
          </lobbyistSuffix>
          <coveredPosition>
          </coveredPosition>
          <lobbyistNew>N</lobbyistNew>
        </lobbyist>
      </lobbyists>
      <foreign_entity_issues>
      </foreign_entity_issues>
    </ali_info>
    <ali_info>
      <issueAreaCode>CPT</issueAreaCode>
      <specific_issues>
        <description>H.R. 3309, the 'Innovation Act.'</description>
      </specific_issues>
      <federal_agencies>U.S. SENATE, U.S. HOUSE OF REPRESENTATIVES</federal_agencies>
      <lobbyists>
        <lobbyist>
          <lobbyistFirstName>Jeff </lobbyistFirstName>
          <lobbyistLastName>MacKinnon</lobbyistLastName>
          <lobbyistSuffix>
          </lobbyistSuffix>
          <coveredPosition>LD &amp; LA Rep. Joe Barton (RTexas)</coveredPosition>
          <lobbyistNew>N</lobbyistNew>
        </lobbyist>
        <lobbyist>
          <lobbyistFirstName>Joseph</lobbyistFirstName>
          <lobbyistLastName>Vasapoli</lobbyistLastName>
          <lobbyistSuffix>
          </lobbyistSuffix>
          <coveredPosition>Min. Counsel, Energy&amp;Comm, Special Asst. DOE</coveredPosition>
          <lobbyistNew>N</lobbyistNew>
        </lobbyist>
        <lobbyist>
          <lobbyistFirstName>Jeffery</lobbyistFirstName>
          <lobbyistLastName>Mortier</lobbyistLastName>
          <lobbyistSuffix>
          </lobbyistSuffix>
          <coveredPosition>Prof Staff on E&amp;C Cmte and LA Rep Whitfield</coveredPosition>
          <lobbyistNew>N</lobbyistNew>
        </lobbyist>
        <lobbyist>
          <lobbyistFirstName>Jody</lobbyistFirstName>
          <lobbyistLastName>Gale</lobbyistLastName>
          <lobbyistSuffix>
          </lobbyistSuffix>
          <coveredPosition>
          </coveredPosition>
          <lobbyistNew>N</lobbyistNew>
        </lobbyist>
        <lobbyist>
          <lobbyistFirstName>
          </lobbyistFirstName>
          <lobbyistLastName>
          </lobbyistLastName>
          <lobbyistSuffix>
          </lobbyistSuffix>
          <coveredPosition>
          </coveredPosition>
          <lobbyistNew>N</lobbyistNew>
        </lobbyist>
        <lobbyist>
          <lobbyistFirstName>
          </lobbyistFirstName>
          <lobbyistLastName>
          </lobbyistLastName>
          <lobbyistSuffix>
          </lobbyistSuffix>
          <coveredPosition>
          </coveredPosition>
          <lobbyistNew>N</lobbyistNew>
        </lobbyist>
        <lobbyist>
          <lobbyistFirstName>
          </lobbyistFirstName>
          <lobbyistLastName>
          </lobbyistLastName>
          <lobbyistSuffix>
          </lobbyistSuffix>
          <coveredPosition>
          </coveredPosition>
          <lobbyistNew>N</lobbyistNew>
        </lobbyist>
        <lobbyist>
          <lobbyistFirstName>
          </lobbyistFirstName>
          <lobbyistLastName>
          </lobbyistLastName>
          <lobbyistSuffix>
          </lobbyistSuffix>
          <coveredPosition>
          </coveredPosition>
          <lobbyistNew>N</lobbyistNew>
        </lobbyist>
        <lobbyist>
          <lobbyistFirstName>
          </lobbyistFirstName>
          <lobbyistLastName>
          </lobbyistLastName>
          <lobbyistSuffix>
          </lobbyistSuffix>
          <coveredPosition>
          </coveredPosition>
          <lobbyistNew>N</lobbyistNew>
        </lobbyist>
      </lobbyists>
      <foreign_entity_issues>
      </foreign_entity_issues>
    </ali_info>
  </alis>
  <updates>
    <clientAddress>
    </clientAddress>
    <clientCity>
    </clientCity>
    <clientState>
    </clientState>
    <clientZip>
    </clientZip>
    <clientZipext>
    </clientZipext>
    <clientCountry>
    </clientCountry>
    <prinClientCity>
    </prinClientCity>
    <prinClientState>
    </prinClientState>
    <prinClientZip>
    </prinClientZip>
    <prinClientZipext>
    </prinClientZipext>
    <prinClientCountry>
    </prinClientCountry>
    <generalDescription>
    </generalDescription>
    <inactive_lobbyists>
      <inactive_lobbyist>
        <firstName>
        </firstName>
        <lastName>
        </lastName>
        <suffix>
        </suffix>
      </inactive_lobbyist>
      <inactive_lobbyist>
        <firstName>
        </firstName>
        <lastName>
        </lastName>
        <suffix>
        </suffix>
      </inactive_lobbyist>
      <inactive_lobbyist>
        <firstName>
        </firstName>
        <lastName>
        </lastName>
        <suffix>
        </suffix>
      </inactive_lobbyist>
      <inactive_lobbyist>
        <firstName>
        </firstName>
        <lastName>
        </lastName>
        <suffix>
        </suffix>
      </inactive_lobbyist>
    </inactive_lobbyists>
    <inactive_ALIs>
      <ali_Code>
      </ali_Code>
      <ali_Code>
      </ali_Code>
      <ali_Code>
      </ali_Code>
      <ali_Code>
      </ali_Code>
      <ali_Code>
      </ali_Code>
      <ali_Code>
      </ali_Code>
      <ali_Code>
      </ali_Code>
      <ali_Code>
      </ali_Code>
      <ali_Code>
      </ali_Code>
    </inactive_ALIs>
    <affiliatedUrl>
    </affiliatedUrl>
    <affiliatedOrgs>
      <affiliatedOrg>
        <affiliatedOrgName>
        </affiliatedOrgName>
        <affiliatedOrgAddress>
        </affiliatedOrgAddress>
        <affiliatedOrgCity>
        </affiliatedOrgCity>
        <affiliatedOrgState>
        </affiliatedOrgState>
        <affiliatedOrgZip>
        </affiliatedOrgZip>
        <affiliatedOrgCountry>
        </affiliatedOrgCountry>
        <affiliatedPrinOrgCity>
        </affiliatedPrinOrgCity>
        <affiliatedPrinOrgState>
        </affiliatedPrinOrgState>
        <affiliatedPrinOrgCountry>
        </affiliatedPrinOrgCountry>
      </affiliatedOrg>
      <affiliatedOrg>
        <affiliatedOrgName>
        </affiliatedOrgName>
        <affiliatedOrgAddress>
        </affiliatedOrgAddress>
        <affiliatedOrgCity>
        </affiliatedOrgCity>
        <affiliatedOrgState>
        </affiliatedOrgState>
        <affiliatedOrgZip>
        </affiliatedOrgZip>
        <affiliatedOrgCountry>
        </affiliatedOrgCountry>
        <affiliatedPrinOrgCity>
        </affiliatedPrinOrgCity>
        <affiliatedPrinOrgState>
        </affiliatedPrinOrgState>
        <affiliatedPrinOrgCountry>
        </affiliatedPrinOrgCountry>
      </affiliatedOrg>
    </affiliatedOrgs>
    <inactiveOrgs>
      <inactiveOrgName>
      </inactiveOrgName>
      <inactiveOrgName>
      </inactiveOrgName>
      <inactiveOrgName>
      </inactiveOrgName>
    </inactiveOrgs>
    <foreignEntities>
      <foreignEntity>
        <name>
        </name>
        <address>
        </address>
        <city>
        </city>
        <state>
        </state>
        <country>
        </country>
        <prinCity>
        </prinCity>
        <prinState>
        </prinState>
        <prinCountry>
        </prinCountry>
        <contribution>
        </contribution>
        <ownership_Percentage>
        </ownership_Percentage>
      </foreignEntity>
    </foreignEntities>
    <inactive_ForeignEntities>
      <inactive_ForeignEntity>
      </inactive_ForeignEntity>
      <inactive_ForeignEntity>
      </inactive_ForeignEntity>
      <inactive_ForeignEntity>
      </inactive_ForeignEntity>
      <inactive_ForeignEntity>
      </inactive_ForeignEntity>
      <inactive_ForeignEntity>
      </inactive_ForeignEntity>
      <inactive_ForeignEntity>
      </inactive_ForeignEntity>
    </inactive_ForeignEntities>
  </updates>
</LOBBYINGDISCLOSURE2>