<?xml version="1.0" encoding="utf-8"?>
<?xml-stylesheet type='text/xsl' href='../../ld2webpage.xsl'?>
<LOBBYINGDISCLOSURE2>
  <imported>Y</imported>
  <pages>4</pages>
  <submitURL>
  </submitURL>
  <organizationName>MJWT CONSULTING</organizationName>
  <prefix>
  </prefix>
  <firstName>
  </firstName>
  <lastName>
  </lastName>
  <registrantDifferentAddress>N</registrantDifferentAddress>
  <address1>P.O. Box 150880</address1>
  <address2>
  </address2>
  <city>AUSTIN</city>
  <state>TX</state>
  <zip>78715</zip>
  <zipext>0880</zipext>
  <country>USA</country>
  <principal_city>
  </principal_city>
  <principal_state>
  </principal_state>
  <principal_zip>
  </principal_zip>
  <principal_zipext>
  </principal_zipext>
  <principal_country>
  </principal_country>
  <contactIntlPhone>
  </contactIntlPhone>
  <selfSelect>N</selfSelect>
  <clientName>The Keelen Group, LLC</clientName>
  <clientGovtEntity>N</clientGovtEntity>
  <senateID>69696-90</senateID>
  <houseID>358000005</houseID>
  <reportYear>2017</reportYear>
  <reportType>Q2</reportType>
  <terminationDate>
  </terminationDate>
  <noLobbying>
  </noLobbying>
  <income>
  </income>
  <expenses>
  </expenses>
  <expensesMethod>
  </expensesMethod>
  <printedName>Wayne T. Franke</printedName>
  <signedDate>7/6/2017 12:33:08 PM</signedDate>
  <alis>
    <ali_info>
      <issueAreaCode>RES</issueAreaCode>
      <specific_issues>
        <description>Unintended consequences related to seller financing of real estate which have arisen as result of Dodd-Frank and SAFE Act</description>
      </specific_issues>
      <federal_agencies>U.S. SENATE, U.S. HOUSE OF REPRESENTATIVES</federal_agencies>
      <lobbyists>
        <lobbyist>
          <lobbyistFirstName>Wayne T.</lobbyistFirstName>
          <lobbyistLastName>Franke</lobbyistLastName>
          <lobbyistSuffix>
          </lobbyistSuffix>
          <coveredPosition>
          </coveredPosition>
          <lobbyistNew>N</lobbyistNew>
        </lobbyist>
        <lobbyist>
          <lobbyistFirstName>
          </lobbyistFirstName>
          <lobbyistLastName>
          </lobbyistLastName>
          <lobbyistSuffix>
          </lobbyistSuffix>
          <coveredPosition>
          </coveredPosition>
          <lobbyistNew>N</lobbyistNew>
        </lobbyist>
        <lobbyist>
          <lobbyistFirstName>
          </lobbyistFirstName>
          <lobbyistLastName>
          </lobbyistLastName>
          <lobbyistSuffix>
          </lobbyistSuffix>
          <coveredPosition>
          </coveredPosition>
          <lobbyistNew>N</lobbyistNew>
        </lobbyist>
        <lobbyist>
          <lobbyistFirstName>
          </lobbyistFirstName>
          <lobbyistLastName>
          </lobbyistLastName>
          <lobbyistSuffix>
          </lobbyistSuffix>
          <coveredPosition>
          </coveredPosition>
          <lobbyistNew>N</lobbyistNew>
        </lobbyist>
        <lobbyist>
          <lobbyistFirstName>
          </lobbyistFirstName>
          <lobbyistLastName>
          </lobbyistLastName>
          <lobbyistSuffix>
          </lobbyistSuffix>
          <coveredPosition>
          </coveredPosition>
          <lobbyistNew>N</lobbyistNew>
        </lobbyist>
        <lobbyist>
          <lobbyistFirstName>
          </lobbyistFirstName>
          <lobbyistLastName>
          </lobbyistLastName>
          <lobbyistSuffix>
          </lobbyistSuffix>
          <coveredPosition>
          </coveredPosition>
          <lobbyistNew>N</lobbyistNew>
        </lobbyist>
        <lobbyist>
          <lobbyistFirstName>
          </lobbyistFirstName>
          <lobbyistLastName>
          </lobbyistLastName>
          <lobbyistSuffix>
          </lobbyistSuffix>
          <coveredPosition>
          </coveredPosition>
          <lobbyistNew>N</lobbyistNew>
        </lobbyist>
        <lobbyist>
          <lobbyistFirstName>
          </lobbyistFirstName>
          <lobbyistLastName>
          </lobbyistLastName>
          <lobbyistSuffix>
          </lobbyistSuffix>
          <coveredPosition>
          </coveredPosition>
          <lobbyistNew>N</lobbyistNew>
        </lobbyist>
        <lobbyist>
          <lobbyistFirstName>
          </lobbyistFirstName>
          <lobbyistLastName>
          </lobbyistLastName>
          <lobbyistSuffix>
          </lobbyistSuffix>
          <coveredPosition>
          </coveredPosition>
          <lobbyistNew>N</lobbyistNew>
        </lobbyist>
      </lobbyists>
      <foreign_entity_issues>
      </foreign_entity_issues>
    </ali_info>
    <ali_info>
      <issueAreaCode>CPT</issueAreaCode>
      <specific_issues>
        <description>use of federally funded research information</description>
      </specific_issues>
      <federal_agencies>U.S. HOUSE OF REPRESENTATIVES</federal_agencies>
      <lobbyists>
        <lobbyist>
          <lobbyistFirstName>Wayne T.</lobbyistFirstName>
          <lobbyistLastName>Franke</lobbyistLastName>
          <lobbyistSuffix>
          </lobbyistSuffix>
          <coveredPosition>
          </coveredPosition>
          <lobbyistNew>N</lobbyistNew>
        </lobbyist>
        <lobbyist>
          <lobbyistFirstName>
          </lobbyistFirstName>
          <lobbyistLastName>
          </lobbyistLastName>
          <lobbyistSuffix>
          </lobbyistSuffix>
          <coveredPosition>
          </coveredPosition>
          <lobbyistNew>N</lobbyistNew>
        </lobbyist>
        <lobbyist>
          <lobbyistFirstName>
          </lobbyistFirstName>
          <lobbyistLastName>
          </lobbyistLastName>
          <lobbyistSuffix>
          </lobbyistSuffix>
          <coveredPosition>
          </coveredPosition>
          <lobbyistNew>N</lobbyistNew>
        </lobbyist>
        <lobbyist>
          <lobbyistFirstName>
          </lobbyistFirstName>
          <lobbyistLastName>
          </lobbyistLastName>
          <lobbyistSuffix>
          </lobbyistSuffix>
          <coveredPosition>
          </coveredPosition>
          <lobbyistNew>N</lobbyistNew>
        </lobbyist>
        <lobbyist>
          <lobbyistFirstName>
          </lobbyistFirstName>
          <lobbyistLastName>
          </lobbyistLastName>
          <lobbyistSuffix>
          </lobbyistSuffix>
          <coveredPosition>
          </coveredPosition>
          <lobbyistNew>N</lobbyistNew>
        </lobbyist>
        <lobbyist>
          <lobbyistFirstName>
          </lobbyistFirstName>
          <lobbyistLastName>
          </lobbyistLastName>
          <lobbyistSuffix>
          </lobbyistSuffix>
          <coveredPosition>
          </coveredPosition>
          <lobbyistNew>N</lobbyistNew>
        </lobbyist>
        <lobbyist>
          <lobbyistFirstName>
          </lobbyistFirstName>
          <lobbyistLastName>
          </lobbyistLastName>
          <lobbyistSuffix>
          </lobbyistSuffix>
          <coveredPosition>
          </coveredPosition>
          <lobbyistNew>N</lobbyistNew>
        </lobbyist>
        <lobbyist>
          <lobbyistFirstName>
          </lobbyistFirstName>
          <lobbyistLastName>
          </lobbyistLastName>
          <lobbyistSuffix>
          </lobbyistSuffix>
          <coveredPosition>
          </coveredPosition>
          <lobbyistNew>N</lobbyistNew>
        </lobbyist>
        <lobbyist>
          <lobbyistFirstName>
          </lobbyistFirstName>
          <lobbyistLastName>
          </lobbyistLastName>
          <lobbyistSuffix>
          </lobbyistSuffix>
          <coveredPosition>
          </coveredPosition>
          <lobbyistNew>N</lobbyistNew>
        </lobbyist>
      </lobbyists>
      <foreign_entity_issues>
      </foreign_entity_issues>
    </ali_info>
  </alis>
  <updates>
    <clientAddress>
    </clientAddress>
    <clientCity>
    </clientCity>
    <clientState>
    </clientState>
    <clientZip>
    </clientZip>
    <clientZipext>
    </clientZipext>
    <clientCountry>
    </clientCountry>
    <prinClientCity>
    </prinClientCity>
    <prinClientState>
    </prinClientState>
    <prinClientZip>
    </prinClientZip>
    <prinClientZipext>
    </prinClientZipext>
    <prinClientCountry>
    </prinClientCountry>
    <generalDescription>
    </generalDescription>
    <inactive_lobbyists>
      <inactive_lobbyist>
        <firstName>
        </firstName>
        <lastName>
        </lastName>
        <suffix>
        </suffix>
      </inactive_lobbyist>
      <inactive_lobbyist>
        <firstName>
        </firstName>
        <lastName>
        </lastName>
        <suffix>
        </suffix>
      </inactive_lobbyist>
      <inactive_lobbyist>
        <firstName>
        </firstName>
        <lastName>
        </lastName>
        <suffix>
        </suffix>
      </inactive_lobbyist>
      <inactive_lobbyist>
        <firstName>
        </firstName>
        <lastName>
        </lastName>
        <suffix>
        </suffix>
      </inactive_lobbyist>
    </inactive_lobbyists>
    <inactive_ALIs>
      <ali_Code>
      </ali_Code>
      <ali_Code>
      </ali_Code>
      <ali_Code>
      </ali_Code>
      <ali_Code>
      </ali_Code>
      <ali_Code>
      </ali_Code>
      <ali_Code>
      </ali_Code>
      <ali_Code>
      </ali_Code>
      <ali_Code>
      </ali_Code>
      <ali_Code>
      </ali_Code>
    </inactive_ALIs>
    <affiliatedUrl>
    </affiliatedUrl>
    <affiliatedOrgs>
      <affiliatedOrg>
        <affiliatedOrgName>
        </affiliatedOrgName>
        <affiliatedOrgAddress>
        </affiliatedOrgAddress>
        <affiliatedOrgCity>
        </affiliatedOrgCity>
        <affiliatedOrgState>
        </affiliatedOrgState>
        <affiliatedOrgZip>
        </affiliatedOrgZip>
        <affiliatedOrgCountry>
        </affiliatedOrgCountry>
        <affiliatedPrinOrgCity>
        </affiliatedPrinOrgCity>
        <affiliatedPrinOrgState>
        </affiliatedPrinOrgState>
        <affiliatedPrinOrgCountry>
        </affiliatedPrinOrgCountry>
      </affiliatedOrg>
      <affiliatedOrg>
        <affiliatedOrgName>
        </affiliatedOrgName>
        <affiliatedOrgAddress>
        </affiliatedOrgAddress>
        <affiliatedOrgCity>
        </affiliatedOrgCity>
        <affiliatedOrgState>
        </affiliatedOrgState>
        <affiliatedOrgZip>
        </affiliatedOrgZip>
        <affiliatedOrgCountry>
        </affiliatedOrgCountry>
        <affiliatedPrinOrgCity>
        </affiliatedPrinOrgCity>
        <affiliatedPrinOrgState>
        </affiliatedPrinOrgState>
        <affiliatedPrinOrgCountry>
        </affiliatedPrinOrgCountry>
      </affiliatedOrg>
    </affiliatedOrgs>
    <inactiveOrgs>
      <inactiveOrgName>
      </inactiveOrgName>
      <inactiveOrgName>
      </inactiveOrgName>
      <inactiveOrgName>
      </inactiveOrgName>
    </inactiveOrgs>
    <foreignEntities>
      <foreignEntity>
        <name>
        </name>
        <address>
        </address>
        <city>
        </city>
        <state>
        </state>
        <country>
        </country>
        <prinCity>
        </prinCity>
        <prinState>
        </prinState>
        <prinCountry>
        </prinCountry>
        <contribution>
        </contribution>
        <ownership_Percentage>
        </ownership_Percentage>
      </foreignEntity>
    </foreignEntities>
    <inactive_ForeignEntities>
      <inactive_ForeignEntity>
      </inactive_ForeignEntity>
      <inactive_ForeignEntity>
      </inactive_ForeignEntity>
      <inactive_ForeignEntity>
      </inactive_ForeignEntity>
      <inactive_ForeignEntity>
      </inactive_ForeignEntity>
      <inactive_ForeignEntity>
      </inactive_ForeignEntity>
      <inactive_ForeignEntity>
      </inactive_ForeignEntity>
    </inactive_ForeignEntities>
  </updates>
</LOBBYINGDISCLOSURE2>