<?xml version="1.0" encoding="utf-8"?>
<?xml-stylesheet type='text/xsl' href='../../ld2webpage.xsl'?>
<LOBBYINGDISCLOSURE2>
  <imported>Y</imported>
  <pages>3</pages>
  <submitURL>
  </submitURL>
  <organizationName>National Association of Consumer Advocates, Inc.</organizationName>
  <prefix>
  </prefix>
  <firstName>
  </firstName>
  <lastName>
  </lastName>
  <registrantDifferentAddress>N</registrantDifferentAddress>
  <address1>1215 17th Street, NW</address1>
  <address2>5th Floor</address2>
  <city>Washington</city>
  <state>DC</state>
  <zip>20036</zip>
  <zipext>
  </zipext>
  <country>USA</country>
  <principal_city>
  </principal_city>
  <principal_state>
  </principal_state>
  <principal_zip>
  </principal_zip>
  <principal_zipext>
  </principal_zipext>
  <principal_country>
  </principal_country>
  <contactIntlPhone>
  </contactIntlPhone>
  <selfSelect>Y</selfSelect>
  <clientName>National Association of Consumer Advocates, Inc.</clientName>
  <clientGovtEntity>N</clientGovtEntity>
  <senateID>400375724-12</senateID>
  <houseID>404660000</houseID>
  <reportYear>2016</reportYear>
  <reportType>Q4</reportType>
  <terminationDate>
  </terminationDate>
  <noLobbying>
  </noLobbying>
  <income>
  </income>
  <expenses>
  </expenses>
  <expensesMethod>A</expensesMethod>
  <printedName>Christine Hines</printedName>
  <signedDate>1/4/2017 11:45:55 AM</signedDate>
  <alis>
    <ali_info>
      <issueAreaCode>CSP</issueAreaCode>
      <specific_issues>
        <description>foreclosure prevention; predatory lending; credit cards; mortgage modification; regulatory reform; binding mandatory arbitration; preemption; payday lending; usuary &amp; overdraft fees</description>
      </specific_issues>
      <federal_agencies>U.S. SENATE, U.S. HOUSE OF REPRESENTATIVES, Federal Reserve System, Federal Trade Commission (FTC), Justice - Dept of  (DOJ), Housing &amp; Urban Development - Dept of (HUD), Treasury - Dept of, White House Office</federal_agencies>
      <lobbyists>
        <lobbyist>
          <lobbyistFirstName>Christine</lobbyistFirstName>
          <lobbyistLastName>Hines</lobbyistLastName>
          <lobbyistSuffix>
          </lobbyistSuffix>
          <coveredPosition>
          </coveredPosition>
          <lobbyistNew>Y</lobbyistNew>
        </lobbyist>
        <lobbyist>
          <lobbyistFirstName>
          </lobbyistFirstName>
          <lobbyistLastName>
          </lobbyistLastName>
          <lobbyistSuffix>
          </lobbyistSuffix>
          <coveredPosition>
          </coveredPosition>
          <lobbyistNew>N</lobbyistNew>
        </lobbyist>
        <lobbyist>
          <lobbyistFirstName>
          </lobbyistFirstName>
          <lobbyistLastName>
          </lobbyistLastName>
          <lobbyistSuffix>
          </lobbyistSuffix>
          <coveredPosition>
          </coveredPosition>
          <lobbyistNew>N</lobbyistNew>
        </lobbyist>
        <lobbyist>
          <lobbyistFirstName>
          </lobbyistFirstName>
          <lobbyistLastName>
          </lobbyistLastName>
          <lobbyistSuffix>
          </lobbyistSuffix>
          <coveredPosition>
          </coveredPosition>
          <lobbyistNew>N</lobbyistNew>
        </lobbyist>
        <lobbyist>
          <lobbyistFirstName>
          </lobbyistFirstName>
          <lobbyistLastName>
          </lobbyistLastName>
          <lobbyistSuffix>
          </lobbyistSuffix>
          <coveredPosition>
          </coveredPosition>
          <lobbyistNew>N</lobbyistNew>
        </lobbyist>
        <lobbyist>
          <lobbyistFirstName>
          </lobbyistFirstName>
          <lobbyistLastName>
          </lobbyistLastName>
          <lobbyistSuffix>
          </lobbyistSuffix>
          <coveredPosition>
          </coveredPosition>
          <lobbyistNew>N</lobbyistNew>
        </lobbyist>
        <lobbyist>
          <lobbyistFirstName>
          </lobbyistFirstName>
          <lobbyistLastName>
          </lobbyistLastName>
          <lobbyistSuffix>
          </lobbyistSuffix>
          <coveredPosition>
          </coveredPosition>
          <lobbyistNew>N</lobbyistNew>
        </lobbyist>
        <lobbyist>
          <lobbyistFirstName>
          </lobbyistFirstName>
          <lobbyistLastName>
          </lobbyistLastName>
          <lobbyistSuffix>
          </lobbyistSuffix>
          <coveredPosition>
          </coveredPosition>
          <lobbyistNew>N</lobbyistNew>
        </lobbyist>
        <lobbyist>
          <lobbyistFirstName>
          </lobbyistFirstName>
          <lobbyistLastName>
          </lobbyistLastName>
          <lobbyistSuffix>
          </lobbyistSuffix>
          <coveredPosition>
          </coveredPosition>
          <lobbyistNew>N</lobbyistNew>
        </lobbyist>
      </lobbyists>
      <foreign_entity_issues>
      </foreign_entity_issues>
    </ali_info>
  </alis>
  <updates>
    <clientAddress>
    </clientAddress>
    <clientCity>
    </clientCity>
    <clientState>
    </clientState>
    <clientZip>
    </clientZip>
    <clientZipext>
    </clientZipext>
    <clientCountry>
    </clientCountry>
    <prinClientCity>
    </prinClientCity>
    <prinClientState>
    </prinClientState>
    <prinClientZip>
    </prinClientZip>
    <prinClientZipext>
    </prinClientZipext>
    <prinClientCountry>
    </prinClientCountry>
    <generalDescription>
    </generalDescription>
    <inactive_lobbyists>
      <inactive_lobbyist>
        <firstName>
        </firstName>
        <lastName>
        </lastName>
        <suffix>
        </suffix>
      </inactive_lobbyist>
      <inactive_lobbyist>
        <firstName>
        </firstName>
        <lastName>
        </lastName>
        <suffix>
        </suffix>
      </inactive_lobbyist>
      <inactive_lobbyist>
        <firstName>
        </firstName>
        <lastName>
        </lastName>
        <suffix>
        </suffix>
      </inactive_lobbyist>
      <inactive_lobbyist>
        <firstName>
        </firstName>
        <lastName>
        </lastName>
        <suffix>
        </suffix>
      </inactive_lobbyist>
    </inactive_lobbyists>
    <inactive_ALIs>
      <ali_Code>
      </ali_Code>
      <ali_Code>
      </ali_Code>
      <ali_Code>
      </ali_Code>
      <ali_Code>
      </ali_Code>
      <ali_Code>
      </ali_Code>
      <ali_Code>
      </ali_Code>
      <ali_Code>
      </ali_Code>
      <ali_Code>
      </ali_Code>
      <ali_Code>
      </ali_Code>
    </inactive_ALIs>
    <affiliatedUrl>
    </affiliatedUrl>
    <affiliatedOrgs>
      <affiliatedOrg>
        <affiliatedOrgName>
        </affiliatedOrgName>
        <affiliatedOrgAddress>
        </affiliatedOrgAddress>
        <affiliatedOrgCity>
        </affiliatedOrgCity>
        <affiliatedOrgState>
        </affiliatedOrgState>
        <affiliatedOrgZip>
        </affiliatedOrgZip>
        <affiliatedOrgCountry>
        </affiliatedOrgCountry>
        <affiliatedPrinOrgCity>
        </affiliatedPrinOrgCity>
        <affiliatedPrinOrgState>
        </affiliatedPrinOrgState>
        <affiliatedPrinOrgCountry>
        </affiliatedPrinOrgCountry>
      </affiliatedOrg>
      <affiliatedOrg>
        <affiliatedOrgName>
        </affiliatedOrgName>
        <affiliatedOrgAddress>
        </affiliatedOrgAddress>
        <affiliatedOrgCity>
        </affiliatedOrgCity>
        <affiliatedOrgState>
        </affiliatedOrgState>
        <affiliatedOrgZip>
        </affiliatedOrgZip>
        <affiliatedOrgCountry>
        </affiliatedOrgCountry>
        <affiliatedPrinOrgCity>
        </affiliatedPrinOrgCity>
        <affiliatedPrinOrgState>
        </affiliatedPrinOrgState>
        <affiliatedPrinOrgCountry>
        </affiliatedPrinOrgCountry>
      </affiliatedOrg>
    </affiliatedOrgs>
    <inactiveOrgs>
      <inactiveOrgName>
      </inactiveOrgName>
      <inactiveOrgName>
      </inactiveOrgName>
      <inactiveOrgName>
      </inactiveOrgName>
    </inactiveOrgs>
    <foreignEntities>
      <foreignEntity>
        <name>
        </name>
        <address>
        </address>
        <city>
        </city>
        <state>
        </state>
        <country>
        </country>
        <prinCity>
        </prinCity>
        <prinState>
        </prinState>
        <prinCountry>
        </prinCountry>
        <contribution>
        </contribution>
        <ownership_Percentage>
        </ownership_Percentage>
      </foreignEntity>
    </foreignEntities>
    <inactive_ForeignEntities>
      <inactive_ForeignEntity>
      </inactive_ForeignEntity>
      <inactive_ForeignEntity>
      </inactive_ForeignEntity>
      <inactive_ForeignEntity>
      </inactive_ForeignEntity>
      <inactive_ForeignEntity>
      </inactive_ForeignEntity>
      <inactive_ForeignEntity>
      </inactive_ForeignEntity>
      <inactive_ForeignEntity>
      </inactive_ForeignEntity>
    </inactive_ForeignEntities>
  </updates>
</LOBBYINGDISCLOSURE2>